label,count,avg_time_us,median_time_us,min_time_us,max_time_us,avg_cycles,median_cycles,min_cycles,max_cycles
Handshake creation,88,472.1931818181818,459.0,454,544,75559.47727272728,73438.0,72759,87110
Handshake start,88,474.125,475.0,459,512,75883.68181818182,76124.0,73531,81907
Write message,88,16591.522727272728,16551.0,16535,16962,2654632.977272727,2648075.5,2645532,2713903
Zigbee Packet TX,88,174.10227272727272,175.0,159,178,27852.954545454544,28051.0,25359,28439
Read message,88,10473.193181818182,10465.0,10454,10733,1675713.5909090908,1674393.0,1672757,1717149
Handshake split,88,513.5795454545455,513.0,513,522,82172.5,82086.0,82086,83578
Handshake,88,471997.20454545453,469725.5,468075,522579,28813349.613636363,28692533.0,28571084,34821878
