label,count,avg_time_us,median_time_us,min_time_us,max_time_us,avg_cycles,median_cycles,min_cycles,max_cycles
Handshake creation,45,8214.111111111111,8214,8202,8261,1314253.6,1314255,1312316,1321703
Handshake start,45,106.31111111111112,105,103,109,16994.577777777777,16668,16492,17344
Read Message,89,6149.685393258427,850,832,11587,983948.7415730337,135962,133138,1853926
Write message,89,9425.202247191011,10061,8759,10076,1508036.7640449437,1609668,1401496,1612132
Zigbee Packet TX,89,172.73033707865167,172,165,180,27639.112359550563,27616,26360,28885
Handshake split,44,454.40909090909093,454.0,452,461,72704.18181818182,72641.0,72305,73757
Handshake,44,979366.4090909091,976617.5,969996,1060579,56418514.93181818,56317960.0,56172491,60200981
