label,count,avg_time_us,median_time_us,min_time_us,max_time_us,avg_cycles,median_cycles,min_cycles,max_cycles
Handshake creation,79,507.9113924050633,499,492,623,81258.88607594937,79818,78803,99699
Handshake start,79,522.4556962025316,525,487,540,83603.56962025317,84033,77872,86277
Write message,158,8748.784810126583,8734.5,880,16888,1399808.3481012657,1397511.0,140743,2701951
Zigbee Packet TX,158,166.93037974683546,165.5,142,181,26719.58227848101,26419.0,22711,28867
Read message,157,10696.68152866242,10891,10461,11097,1711463.4968152866,1742445,1673785,1775457
Handshake split,79,450.3544303797468,450,442,457,72048.53164556962,72006,70658,73122
Handshake,79,777692.2531645569,776679,774123,793307,49526124.962025315,49522536,49245370,50043877
