label,count,avg_time_us,median_time_us,min_time_us,max_time_us,avg_cycles,median_cycles,min_cycles,max_cycles
Framework Init,97,18.309278350515463,15,15,300,2918.742268041237,2450,2450,47918
Handshake creation,97,457.83505154639175,456,405,751,73238.03092783505,72860,64800,120133
Handshake start,97,645.2164948453608,642,575,813,103234.22680412371,102789,92025,130097
Write message,191,9281.183246073299,17238,1029,17701,1484921.0261780105,2758084,164718,2832024
Zigbee Packet TX,192,269.9479166666667,273.5,255,289,43100.270833333336,43610.0,40729,46022
Read message,191,11831.69109947644,12006,11620,12453,1893065.0680628272,1920962,1859202,1992502
Handshake split,97,640.9072164948453,640,637,708,102551.81443298969,102410,101970,113334
Handshake,97,2230592.2680412373,2238461,2200025,2285648,326856419.88659793,328235991,321936212,334636368
