label,count,avg_time_us,median_time_us,min_time_us,max_time_us,avg_cycles,median_cycles,min_cycles,max_cycles
Handshake creation,33,501.2121212121212,498,475,563,80262.87878787878,79771,75926,89983
Handshake start,34,134.26470588235293,135.0,124,139,21517.58823529412,21643.0,19768,22328
Write message,69,8744.144927536232,9442,7999,9459,1399070.956521739,1510787,1279911,1513511
Zigbee Packet TX,104,120.21153846153847,166.0,28,170,19194.06730769231,26412.0,4351,27187
Read message,67,11091.492537313432,11257,10900,11269,1774619.208955224,1801057,1744001,1803017
Handshake split,32,451.84375,451.0,451,460,72296.25,72198.0,72198,73550
Handshake,32,883137.84375,883229.5,878980,893495,56989970.75,56972925.5,56840398,57155612
