label,count,avg_time_us,median_time_us,min_time_us,max_time_us,avg_cycles,median_cycles,min_cycles,max_cycles
Handshake creation,90,647.5,643.0,605,750,103610.73333333334,102881.0,96953,119961
Handshake start,90,94.52222222222223,89.0,77,103,15074.733333333334,14101.0,12280,16449
Write message,180,9132.705555555556,9195.0,8080,10556,1461224.661111111,1471234.0,1292770,1688994
Zigbee Packet TX,270,184.42592592592592,258.0,31,272,29502.48888888889,41247.0,4976,43489
Read message,180,12291.627777777778,12414.5,12015,12884,1966505.6222222222,1986204.0,1922223,2061322
Handshake split,90,606.0888888888888,606.0,605,614,96964.83333333333,96938.0,96938,98117
Handshake,90,906152.1,904154.0,897586,991107,72583697.14444445,72425685.5,71838965,80969453
