label,count,avg_time_us,median_time_us,min_time_us,max_time_us,avg_cycles,median_cycles,min_cycles,max_cycles
Handshake creation,99,495.050505050505,482,473,576,79204.85858585859,77095,75718,92095
Handshake start,99,529.4444444444445,533,499,539,84724.8686868687,85240,79775,86273
Write message,99,17321.909090909092,17292,17274,17513,2771503.5555555555,2766665,2763945,2802191
Zigbee Packet TX,198,101.52020202020202,96.5,27,178,16236.141414141413,15465.5,4450,28365
Read message,99,19762.050505050505,19756,19743,19909,3161932.595959596,3161017,3158977,3185413
Handshake split,99,450.8989898989899,450,441,521,72135.85858585859,72006,70658,83314
Handshake,99,664717.494949495,663638,660726,684626,41988326.45454545,41953643,41791907,42599902
