label,count,avg_time_us,median_time_us,min_time_us,max_time_us,avg_cycles,median_cycles,min_cycles,max_cycles
Handshake creation,93,305.1182795698925,305,304,313,48817.3870967742,48778,48778,49954
Handshake start,93,536.8924731182796,537,534,544,85891.02150537634,85837,85485,87013
Write message,187,36966.882352941175,44596,29212,45168,5914600.524064171,7135122,4673962,7226722
Zigbee Packet TX,187,260.5935828877005,268,249,276,41690.47593582888,42972,39906,44168
Read message,93,30024.032258064515,30018,30016,30224,4803968.623655914,4803026,4802678,4835878
Handshake split,93,720.505376344086,722,697,742,115279.43010752689,115544,111468,118729
Handshake,93,483320.2688172043,483208,481611,486375,38182569.50537635,38155913,38014862,38911808
