label,count,avg_time_us,median_time_us,min_time_us,max_time_us,avg_cycles,median_cycles,min_cycles,max_cycles
Handshake creation,81,488.14814814814815,481,461,674,78087.17283950618,76891,73850,107827
Handshake start,81,130.65432098765433,131,68,154,20935.30864197531,21069,10811,24719
Write message,81,8491.123456790123,8474,8459,8808,1358581.12345679,1355808,1353400,1409352
Zigbee Packet TX,81,171.25925925925927,174,138,180,27374.20987654321,27783,22059,28847
Read message,80,19765.5875,19755.0,19742,20139,3162482.1,3160783.0,3158605,3222145
Handshake split,80,450.6625,450.0,450,486,72108.35,72006.0,72006,77822
Handshake,81,560176.3209876543,557601,555742,661243,33629122.90123457,33483536,33360480,41860218
