label,count,avg_time_us,median_time_us,min_time_us,max_time_us,avg_cycles,median_cycles,min_cycles,max_cycles
Handshake creation,79,661.9493670886076,664,475,672,105881.41772151898,106159,75899,107531
Handshake start,79,65.86075949367088,65,65,77,10566.151898734177,10433,10427,12279
Write message,161,8515.826086956522,8777,7993,8938,1362545.8322981365,1404243,1278931,1430131
Zigbee Packet TX,161,154.30434782608697,159,139,169,24677.683229813665,25423,22191,27139
Read message,82,11253.463414634147,11243.0,11237,11539,1800539.0,1798917.0,1797925,1846153
Handshake split,82,457.4512195121951,457.0,444,477,73183.75609756098,73014.0,70950,76298
Handshake,82,432769.84146341466,431666.5,428553,445882,33302858.573170733,33289061.0,33159403,33960648
