label,count,avg_time_us,median_time_us,min_time_us,max_time_us,avg_cycles,median_cycles,min_cycles,max_cycles
Framework Init,99,16.11111111111111,13,13,300,2577.1111111111113,2102,2102,47962
Handshake creation,99,407.47474747474746,402,396,734,65193.63636363636,64393,63385,117353
Handshake start,99,102.82828282828282,103,79,109,16448.363636363636,16392,12616,17408
Write message,198,8750.020202020201,8842.0,8020,9609,1399944.7525252525,1414741.0,1283104,1537545
Zigbee Packet TX,198,223.34343434343435,241.0,162,272,35636.333333333336,38551.5,25682,43497
Read message,99,12545.31313131313,12535,12529,12717,2007242.7474747475,2005589,2004665,2034657
Handshake split,99,702.7474747474747,703,667,711,112437.9191919192,112542,106830,113718
Handshake,99,1800612.7171717172,1797193,1469466,1833409,261975828.84848484,261886082,209636170,267158348
