label,count,avg_time_us,median_time_us,min_time_us,max_time_us,avg_cycles,median_cycles,min_cycles,max_cycles
Framework Init,97,18.24742268041237,15,15,300,2918.865979381443,2450,2450,47930
Handshake creation,97,445.35051546391753,442,418,737,71257.44329896907,70633,66933,117865
Handshake start,98,160.20408163265307,160.0,81,197,25620.561224489797,25556.0,12949,31488
Write message,194,4534.81443298969,7945.0,1028,8245,725506.2422680412,1270984.0,164529,1319104
Zigbee Packet TX,194,267.7216494845361,265.5,253,285,42741.365979381444,42559.5,40442,45486
Read message,193,11861.849740932643,12007,11629,17735,1897890.1191709845,1921105,1860697,2837545
Handshake split,97,640.1546391752578,640,636,680,102405.01030927835,102422,101830,108746
Handshake,97,1820181.3402061856,1816753,1789545,1883259,268392705.371134,268079014,263564147,273083210
