label,count,avg_time_us,median_time_us,min_time_us,max_time_us,avg_cycles,median_cycles,min_cycles,max_cycles
Handshake creation,87,497.8965517241379,486,469,663,79683.13793103448,77715,74986,106003
Handshake start,87,134.44827586206895,137,68,144,21517.402298850575,21876,10785,23084
Write message,173,4488.393063583815,8001,877,10020,718134.4450867051,1280147,140319,1603271
Zigbee Packet TX,173,163.03468208092485,164,137,177,26081.843930635838,26159,21843,28223
Read message,172,10700.453488372093,10838.5,10463,12663,1712064.3953488371,1734179.0,1674061,2025989
Handshake split,86,451.16279069767444,450.0,450,506,72189.67441860466,72006.0,72006,80958
Handshake,86,695791.7558139535,693365.5,692085,781815,44754482.12790698,44650963.5,44497573,49788488
