label,count,avg_time_us,median_time_us,min_time_us,max_time_us,avg_cycles,median_cycles,min_cycles,max_cycles
Handshake creation,85,492.3764705882353,481,472,570,78770.51764705882,76954,75590,91283
Handshake start,85,904.6,908,871,956,144694.49411764706,145207,139425,152977
Write message,85,16643.258823529413,16621,16606,16808,2662891.3647058825,2659317,2656849,2689176
Zigbee Packet TX,85,177.38823529411764,178,162,180,28382.29411764706,28443,25971,28823
Read message,85,19763.964705882354,19756,19749,19955,3162251.9176470586,3160961,3159769,3192785
Handshake split,85,450.77647058823527,450,448,508,72123.50588235294,72006,71670,81210
Handshake,85,593930.1058823529,561820,559632,3064441,34472369.941176474,34368674,34231976,41241656
